{
  "VST": {
    "lower": 0.49655461571112175,
    "upper": 1.4896638471333652
  },
  "USDC": {
    "lower": 0,
    "upper": 0
  },
  "USDT": {
    "lower": 0,
    "upper": 0
  },
  "DAI": {
    "lower": 0,
    "upper": 0
  },
  "FXS": {
    "lower": 0,
    "upper": 0
  },
  "FRAX": {
    "lower": 0,
    "upper": 0
  },
  "ETH": {
    "lower": 0,
    "upper": 0
  },
  "SWETH": {
    "lower": 950.5506473354164,
    "upper": 2851.6519420062496
  },
  "FRXETH": {
    "lower": 927.4005209061681,
    "upper": 2782.2015627185046
  },
  "ALETH": {
    "lower": 920.5098121415941,
    "upper": 2761.5294364247825
  },
  "crvFRAX": {
    "lower": 0.5003991328721946,
    "upper": 1.5011973986165839
  },
  "3Crv": {
    "lower": 0.5132512766053083,
    "upper": 1.539753829815925
  },
  "ALUSD": {
    "lower": 0.9781643537560831,
    "upper": 1.0180894294195968
  },
  "LUSD": {
    "lower": 0.979771294876304,
    "upper": 1.019761959973296
  },
  "AAVE": {
    "lower": 35.1717585,
    "upper": 105.5152755
  },
  "C3M": {
    "lower": 58.44,
    "upper": 175.32
  },
  "SONIA": {
    "lower": 2.4653,
    "upper": 7.3959
  },
  "SOFR": {
    "lower": 2.525,
    "upper": 7.574999999999999
  },
  "SOFR_EFFECTIVE_DATE": {
    "lower": 845100000,
    "upper": 2535300000
  },
  "SOFRAI": {
    "lower": 0.544550045,
    "upper": 1.6336501350000001
  },
  "SOFRAI_EFFECTIVE_DATE": {
    "lower": 845143200,
    "upper": 2535429600
  }
}