{
  "3Crv": {
    "lower": 0.513194221687778,
    "upper": 1.539582665063334
  },
  "AAVE": {
    "lower": 37.294896304813896,
    "upper": 111.88468891444168
  },
  "ALETH": {
    "lower": 929.4161430506116,
    "upper": 2788.248429151835
  },
  "ALUSD": {
    "lower": 0.9781343724836166,
    "upper": 1.0180582244217233
  },
  "C3M": {
    "lower": 58.445,
    "upper": 175.335
  },
  "DAI": {
    "lower": 0,
    "upper": 0
  },
  "ETH": {
    "lower": 0,
    "upper": 0
  },
  "FRAX": {
    "lower": 0,
    "upper": 0
  },
  "FRXETH": {
    "lower": 935.9917186778498,
    "upper": 2807.9751560335494
  },
  "FXS": {
    "lower": 0,
    "upper": 0
  },
  "LUSD": {
    "lower": 0.9800018689143214,
    "upper": 1.0200019451965385
  },
  "SOFR": {
    "lower": 2.53,
    "upper": 7.59
  },
  "SOFRAI": {
    "lower": 0.544626585,
    "upper": 1.6338797550000002
  },
  "SOFRAI_EFFECTIVE_DATE": {
    "lower": 845186400,
    "upper": 2535559200
  },
  "SOFR_EFFECTIVE_DATE": {
    "lower": 845143200,
    "upper": 2535429600
  },
  "SONIA": {
    "lower": 2.46545,
    "upper": 7.39635
  },
  "SWETH": {
    "lower": 959.3235800472828,
    "upper": 2877.970740141848
  },
  "USDC": {
    "lower": 0,
    "upper": 0
  },
  "USDT": {
    "lower": 0,
    "upper": 0
  },
  "VST": {
    "lower": 0.49686993601065216,
    "upper": 1.4906098080319565
  },
  "crvFRAX": {
    "lower": 0.5004032759498311,
    "upper": 1.5012098278494934
  }
}