{
  "AVAX": {
    "lower": 6.667220884148405,
    "upper": 20.001662652445212
  },
  "BTC": {
    "lower": 14722.375240117002,
    "upper": 44167.125720351
  },
  "BUSD": {
    "lower": 0.49990807290444,
    "upper": 1.49972421871332
  },
  "CRV": {
    "lower": 0.3686690798677185,
    "upper": 1.1060072396031555
  },
  "DAI": {
    "lower": 0.979704110063385,
    "upper": 1.019692032923115
  },
  "ETH": {
    "lower": 936.59,
    "upper": 2809.77
  },
  "EUROC": {
    "lower": 0.554615718825115,
    "upper": 1.6638471564753448
  },
  "GLP": {
    "lower": 0.3907065516078249,
    "upper": 1.1721196548234747
  },
  "GMX": {
    "lower": 27.70125170679775,
    "upper": 83.10375512039325
  },
  "IB01.L": {
    "lower": 0,
    "upper": 0
  },
  "JOE": {
    "lower": 0.1661210674907063,
    "upper": 0.49836320247211885
  },
  "LINK": {
    "lower": 3.98814051620667,
    "upper": 11.96442154862001
  },
  "MOO_TJ_AVAX_USDC_LP": {
    "lower": 6005664.389023862,
    "upper": 18016993.167071585
  },
  "PNG": {
    "lower": 0.012109984340325302,
    "upper": 0.03632995302097591
  },
  "PNG_AVAX_ETH_LP": {
    "lower": 190.50572161150447,
    "upper": 571.5171648345134
  },
  "PNG_AVAX_USDC_LP": {
    "lower": 4484815.8004298955,
    "upper": 13454447.401289687
  },
  "PNG_AVAX_USDT_LP": {
    "lower": 4490439.900869224,
    "upper": 13471319.702607673
  },
  "PTP": {
    "lower": 0.009826187725935,
    "upper": 0.029478563177805
  },
  "QI": {
    "lower": 0.003087965,
    "upper": 0.009263895
  },
  "SHLB_AVAX-USDC_B": {
    "lower": 11.221782791694888,
    "upper": 33.66534837508466
  },
  "SHLB_BTC.b-AVAX_B": {
    "lower": 14.327994513261082,
    "upper": 42.983983539783246
  },
  "SHLB_EUROC-USDC_V2_1_B": {
    "lower": 994865656694.3906,
    "upper": 2984596970083.172
  },
  "SHLB_GMX-AVAX_B": {
    "lower": 0,
    "upper": 0
  },
  "SHLB_JOE-AVAX_B": {
    "lower": 0.14347402443529855,
    "upper": 0.43042207330589566
  },
  "SHLB_USDT.e-USDt_C": {
    "lower": 1088046372767.8463,
    "upper": 3264139118303.539
  },
  "SOFR": {
    "lower": 2.53,
    "upper": 7.59
  },
  "SOFRAI": {
    "lower": 0.544626585,
    "upper": 1.6338797550000002
  },
  "SOFRAI_EFFECTIVE_DATE": {
    "lower": 845186400,
    "upper": 2535559200
  },
  "SOFR_EFFECTIVE_DATE": {
    "lower": 845143200,
    "upper": 2535429600
  },
  "TJ_AVAX_BTC_LP": {
    "lower": 66205741.91589269,
    "upper": 198617225.74767807
  },
  "TJ_AVAX_ETH_LP": {
    "lower": 192.93663719670573,
    "upper": 578.8099115901172
  },
  "TJ_AVAX_USDC_AUTO": {
    "lower": 0.38713631307865337,
    "upper": 1.1614089392359601
  },
  "TJ_AVAX_USDC_LP": {
    "lower": 5248752.927033218,
    "upper": 15746258.781099653
  },
  "TJ_AVAX_USDT_LP": {
    "lower": 4897751.345459602,
    "upper": 14693254.036378805
  },
  "TJ_AVAX_sAVAX_LP": {
    "lower": 14.202682745792208,
    "upper": 42.60804823737662
  },
  "USDC": {
    "lower": 0.9799851283396523,
    "upper": 1.0199845213331076
  },
  "USDT": {
    "lower": 0.9798921999999999,
    "upper": 1.0198878
  },
  "USDT.e": {
    "lower": 0.9819097496420296,
    "upper": 1.0219876986070104
  },
  "XAVA": {
    "lower": 0.095609239272235,
    "upper": 0.286827717816705
  },
  "YYAV3SA1": {
    "lower": 7.01860922440983,
    "upper": 21.05582767322949
  },
  "YY_AAVE_AVAX": {
    "lower": 7.01860922440983,
    "upper": 21.05582767322949
  },
  "YY_GLP": {
    "lower": 0.5215509929413273,
    "upper": 1.564652978823982
  },
  "YY_PNG_AVAX_ETH_LP": {
    "lower": 216.2876027585625,
    "upper": 648.8628082756875
  },
  "YY_PNG_AVAX_USDC_LP": {
    "lower": 5263552.105076764,
    "upper": 15790656.315230291
  },
  "YY_PTP_sAVAX": {
    "lower": 7.7737994745910495,
    "upper": 23.321398423773147
  },
  "YY_TJ_AVAX_ETH_LP": {
    "lower": 206.53415559172927,
    "upper": 619.6024667751878
  },
  "YY_TJ_AVAX_USDC_LP": {
    "lower": 5783582.950536305,
    "upper": 17350748.851608917
  },
  "YY_TJ_AVAX_sAVAX_LP": {
    "lower": 15.343547139844414,
    "upper": 46.03064141953324
  },
  "crvUSDBTCETH": {
    "lower": 340.1718601889276,
    "upper": 1020.5155805667828
  },
  "gmdAVAX": {
    "lower": 7.090137010411858,
    "upper": 21.270411031235575
  },
  "gmdBTC": {
    "lower": 15639.73196425381,
    "upper": 46919.19589276143
  },
  "gmdETH": {
    "lower": 994.0318055687923,
    "upper": 2982.095416706377
  },
  "gmdUSDC": {
    "lower": 0.536843471992266,
    "upper": 1.6105304159767981
  },
  "sAVAX": {
    "lower": 7.315084175,
    "upper": 21.945252525
  }
}