{
  "3Crv": {
    "lower": 0.5132344027025049,
    "upper": 1.5397032081075146
  },
  "AAVE": {
    "lower": 32.194526,
    "upper": 96.58357800000002
  },
  "ALETH": {
    "lower": 793.7528734294399,
    "upper": 2381.2586202883194
  },
  "ALUSD": {
    "lower": 0.9750445341005697,
    "upper": 1.0148422701863073
  },
  "C3M": {
    "lower": 58.47,
    "upper": 175.41
  },
  "FRXETH": {
    "lower": 914.375278395247,
    "upper": 2743.1258351857414
  },
  "LUSD": {
    "lower": 0.9799819635895842,
    "upper": 1.0199812274095672
  },
  "SOFR": {
    "lower": 2.65,
    "upper": 7.949999999999999
  },
  "SOFRAI": {
    "lower": 0.545024095,
    "upper": 1.6350722850000001
  },
  "SOFRAI_EFFECTIVE_DATE": {
    "lower": 845402400,
    "upper": 2536207200
  },
  "SOFR_EFFECTIVE_DATE": {
    "lower": 845272800,
    "upper": 2535818400
  },
  "SONIA": {
    "lower": 2.4655,
    "upper": 7.3965
  },
  "SWETH": {
    "lower": 938.2672338035347,
    "upper": 2814.8017014106044
  },
  "VST": {
    "lower": 0.49688083601420835,
    "upper": 1.490642508042625
  },
  "crvFRAX": {
    "lower": 0.5001832688409231,
    "upper": 1.5005498065227694
  }
}