{
  "3Crv": {
    "lower": 0.5132901301145367,
    "upper": 1.5398703903436102
  },
  "AAVE": {
    "lower": 37.446872250000006,
    "upper": 112.34061675000001
  },
  "ALETH": {
    "lower": 933.796454156081,
    "upper": 2801.3893624682432
  },
  "ALUSD": {
    "lower": 0.9780398600339402,
    "upper": 1.0179598543210397
  },
  "C3M": {
    "lower": 58.445,
    "upper": 175.335
  },
  "DAI": {
    "lower": 0,
    "upper": 0
  },
  "ETH": {
    "lower": 0,
    "upper": 0
  },
  "FRAX": {
    "lower": 0,
    "upper": 0
  },
  "FRXETH": {
    "lower": 940.4307985194561,
    "upper": 2821.2923955583683
  },
  "FXS": {
    "lower": 0,
    "upper": 0
  },
  "LUSD": {
    "lower": 0.9801471900387286,
    "upper": 1.0201531977954115
  },
  "SOFR": {
    "lower": 2.53,
    "upper": 7.59
  },
  "SOFRAI": {
    "lower": 0.544626585,
    "upper": 1.6338797550000002
  },
  "SOFRAI_EFFECTIVE_DATE": {
    "lower": 845186400,
    "upper": 2535559200
  },
  "SOFR_EFFECTIVE_DATE": {
    "lower": 845143200,
    "upper": 2535429600
  },
  "SONIA": {
    "lower": 2.46545,
    "upper": 7.39635
  },
  "SWETH": {
    "lower": 964.0043061261983,
    "upper": 2892.012918378595
  },
  "USDC": {
    "lower": 0,
    "upper": 0
  },
  "USDT": {
    "lower": 0,
    "upper": 0
  },
  "VST": {
    "lower": 0.49672824261624987,
    "upper": 1.4901847278487497
  },
  "crvFRAX": {
    "lower": 0.500316853166869,
    "upper": 1.5009505595006072
  }
}