{
  "AVAX": {
    "lower": 6.3628359,
    "upper": 19.0885077
  },
  "BTC": {
    "lower": 14460.9216144,
    "upper": 43382.7648432
  },
  "BUSD": {
    "lower": 0.4998349983,
    "upper": 1.4995049949
  },
  "CRV": {
    "lower": 0.2969240115,
    "upper": 0.8907720344999999
  },
  "DAI": {
    "lower": 0.9799495032762918,
    "upper": 1.0199474421855284
  },
  "ETH": {
    "lower": 916.32234444,
    "upper": 2748.96703332
  },
  "EUROC": {
    "lower": 0.54845,
    "upper": 1.64535
  },
  "GLP": {
    "lower": 0.38595537530295404,
    "upper": 1.157866125908862
  },
  "GMX": {
    "lower": 26.348088603,
    "upper": 79.044265809
  },
  "IB01.L": {
    "lower": 52.91,
    "upper": 158.73
  },
  "JOE": {
    "lower": 0.1610652192,
    "upper": 0.4831956576
  },
  "LINK": {
    "lower": 3.733,
    "upper": 11.199
  },
  "MOO_TJ_AVAX_USDC_LP": {
    "lower": 5870038.500994697,
    "upper": 17610115.50298409
  },
  "PNG": {
    "lower": 0.01215821,
    "upper": 0.036474629999999994
  },
  "PNG_AVAX_ETH_LP": {
    "lower": 184.17067253978638,
    "upper": 552.5120176193591
  },
  "PNG_AVAX_USDC_LP": {
    "lower": 4382498.303433291,
    "upper": 13147494.910299871
  },
  "PNG_AVAX_USDT_LP": {
    "lower": 4387079.611422987,
    "upper": 13161238.834268961
  },
  "PTP": {
    "lower": 0.00901327447745,
    "upper": 0.02703982343235
  },
  "QI": {
    "lower": 0.0029914825499999997,
    "upper": 0.008974447649999998
  },
  "SHLB_AVAX-USDC_B": {
    "lower": 10.959034559528742,
    "upper": 32.877103678586224
  },
  "SHLB_BTC.b-AVAX_B": {
    "lower": 13.674208134997109,
    "upper": 41.022624404991326
  },
  "SHLB_EUROC-USDC_V2_1_B": {
    "lower": 995107658289.5316,
    "upper": 2985322974868.5947
  },
  "SHLB_GMX-AVAX_B": {
    "lower": 13.646175940111972,
    "upper": 40.93852782033591
  },
  "SHLB_JOE-AVAX_B": {
    "lower": 0.13922170373873224,
    "upper": 0.41766511121619676
  },
  "SHLB_USDT.e-USDt_C": {
    "lower": 1087694547369.3613,
    "upper": 3263083642108.084
  },
  "SOFR": {
    "lower": 2.65,
    "upper": 7.949999999999999
  },
  "SOFRAI": {
    "lower": 0.545024095,
    "upper": 1.6350722850000001
  },
  "SOFRAI_EFFECTIVE_DATE": {
    "lower": 845402400,
    "upper": 2536207200
  },
  "SOFR_EFFECTIVE_DATE": {
    "lower": 845272800,
    "upper": 2535818400
  },
  "TJ_AVAX_BTC_LP": {
    "lower": 64120432.63550244,
    "upper": 192361297.9065073
  },
  "TJ_AVAX_ETH_LP": {
    "lower": 186.52887295244653,
    "upper": 559.5866188573395
  },
  "TJ_AVAX_USDC_AUTO": {
    "lower": 0.3785967612347825,
    "upper": 1.1357902837043474
  },
  "TJ_AVAX_USDC_LP": {
    "lower": 5129940.953968539,
    "upper": 15389822.861905616
  },
  "TJ_AVAX_USDT_LP": {
    "lower": 4795926.660527111,
    "upper": 14387779.981581334
  },
  "TJ_AVAX_sAVAX_LP": {
    "lower": 13.549455514883832,
    "upper": 40.648366544651495
  },
  "USDC": {
    "lower": 0.9798844409116909,
    "upper": 1.019879724214209
  },
  "USDT": {
    "lower": 0.9796668,
    "upper": 1.0196532
  },
  "USDT.e": {
    "lower": 0.9817658622708524,
    "upper": 1.0218379382819076
  },
  "XAVA": {
    "lower": 0.098775704,
    "upper": 0.296327112
  },
  "YYAV3SA1": {
    "lower": 6.699797905869195,
    "upper": 20.099393717607583
  },
  "YY_AAVE_AVAX": {
    "lower": 6.699797905869195,
    "upper": 20.099393717607583
  },
  "YY_GLP": {
    "lower": 0.5157180526506673,
    "upper": 1.5471541579520018
  },
  "YY_PNG_AVAX_ETH_LP": {
    "lower": 209.18511499618077,
    "upper": 627.5553449885423
  },
  "YY_PNG_AVAX_USDC_LP": {
    "lower": 5150539.438343689,
    "upper": 15451618.315031067
  },
  "YY_PTP_sAVAX": {
    "lower": 7.414735859555362,
    "upper": 22.244207578666085
  },
  "YY_TJ_AVAX_ETH_LP": {
    "lower": 199.66882438009563,
    "upper": 599.0064731402869
  },
  "YY_TJ_AVAX_USDC_LP": {
    "lower": 5652810.747735505,
    "upper": 16958432.243206516
  },
  "YY_TJ_AVAX_sAVAX_LP": {
    "lower": 14.636476195628022,
    "upper": 43.90942858688407
  },
  "crvUSDBTCETH": {
    "lower": 504.93624701578784,
    "upper": 1514.8087410473636
  },
  "gmdAVAX": {
    "lower": 6.772128778405675,
    "upper": 20.316386335217025
  },
  "gmdBTC": {
    "lower": 15382.20997731157,
    "upper": 46146.62993193471
  },
  "gmdETH": {
    "lower": 975.0958733767802,
    "upper": 2925.2876201303407
  },
  "gmdUSDC": {
    "lower": 0.5374730671183456,
    "upper": 1.612419201355037
  },
  "sAVAX": {
    "lower": 6.975748375,
    "upper": 20.927245125
  }
}