{
  "AVAX": {
    "lower": 6.696269929149705,
    "upper": 20.088809787449115
  },
  "BTC": {
    "lower": 14759.50286933266,
    "upper": 44278.50860799798
  },
  "BUSD": {
    "lower": 0.50000297672139,
    "upper": 1.5000089301641701
  },
  "CRV": {
    "lower": 0.37130221051330403,
    "upper": 1.113906631539912
  },
  "DAI": {
    "lower": 0.9800200672890587,
    "upper": 1.0200208863620814
  },
  "ETH": {
    "lower": 940.9356017729144,
    "upper": 2822.8068053187435
  },
  "EUROC": {
    "lower": 0.554944035340585,
    "upper": 1.664832106021755
  },
  "GLP": {
    "lower": 0.3914743502891495,
    "upper": 1.1744230508674485
  },
  "GMX": {
    "lower": 27.82151563281527,
    "upper": 83.4645468984458
  },
  "IB01.L": {
    "lower": 0,
    "upper": 0
  },
  "JOE": {
    "lower": 0.16715099511796058,
    "upper": 0.5014529853538817
  },
  "LINK": {
    "lower": 4.00877886589351,
    "upper": 12.02633659768053
  },
  "MOO_TJ_AVAX_USDC_LP": {
    "lower": 6018270.813145185,
    "upper": 18054812.439435557
  },
  "PNG": {
    "lower": 0.012253572950511098,
    "upper": 0.03676071885153329
  },
  "PNG_AVAX_ETH_LP": {
    "lower": 191.34878816227652,
    "upper": 574.0463644868296
  },
  "PNG_AVAX_USDC_LP": {
    "lower": 4494569.102114753,
    "upper": 13483707.30634426
  },
  "PNG_AVAX_USDT_LP": {
    "lower": 4500122.637636199,
    "upper": 13500367.912908595
  },
  "PTP": {
    "lower": 0.009873733709365,
    "upper": 0.029621201128095
  },
  "QI": {
    "lower": 0.003136896210280431,
    "upper": 0.009410688630841293
  },
  "SHLB_AVAX-USDC_B": {
    "lower": 11.244964729538426,
    "upper": 33.73489418861528
  },
  "SHLB_BTC.b-AVAX_B": {
    "lower": 14.388314827457798,
    "upper": 43.16494448237339
  },
  "SHLB_EUROC-USDC_V2_1_B": {
    "lower": 995015251152.9237,
    "upper": 2985045753458.771
  },
  "SHLB_GMX-AVAX_B": {
    "lower": 0,
    "upper": 0
  },
  "SHLB_JOE-AVAX_B": {
    "lower": 0.14436349219315642,
    "upper": 0.43309047657946925
  },
  "SHLB_USDT.e-USDt_C": {
    "lower": 1089278239340.836,
    "upper": 3267834718022.5083
  },
  "SOFR": {
    "lower": 2.53,
    "upper": 7.59
  },
  "SOFRAI": {
    "lower": 0.544626585,
    "upper": 1.6338797550000002
  },
  "SOFRAI_EFFECTIVE_DATE": {
    "lower": 845186400,
    "upper": 2535559200
  },
  "SOFR_EFFECTIVE_DATE": {
    "lower": 845143200,
    "upper": 2535429600
  },
  "TJ_AVAX_BTC_LP": {
    "lower": 66429771.78153349,
    "upper": 199289315.34460047
  },
  "TJ_AVAX_ETH_LP": {
    "lower": 193.79048631767466,
    "upper": 581.371458953024
  },
  "TJ_AVAX_USDC_AUTO": {
    "lower": 0.38787990728402616,
    "upper": 1.1636397218520784
  },
  "TJ_AVAX_USDC_LP": {
    "lower": 5260184.551008825,
    "upper": 15780553.653026477
  },
  "TJ_AVAX_USDT_LP": {
    "lower": 4908391.958036481,
    "upper": 14725175.874109443
  },
  "TJ_AVAX_sAVAX_LP": {
    "lower": 14.257266314842058,
    "upper": 42.771798944526175
  },
  "USDC": {
    "lower": 0.9800842348406691,
    "upper": 1.020087672997431
  },
  "USDT": {
    "lower": 0.9800058343739239,
    "upper": 1.020006072511635
  },
  "USDT.e": {
    "lower": 0.9833738192139442,
    "upper": 1.0235115261206358
  },
  "XAVA": {
    "lower": 0.095954035616415,
    "upper": 0.28786210684924496
  },
  "YYAV3SA1": {
    "lower": 7.048181298153051,
    "upper": 21.144543894459154
  },
  "YY_AAVE_AVAX": {
    "lower": 7.048181298153051,
    "upper": 21.144543894459154
  },
  "YY_GLP": {
    "lower": 0.5225759211463343,
    "upper": 1.567727763439003
  },
  "YY_PNG_AVAX_ETH_LP": {
    "lower": 217.22324514394992,
    "upper": 651.6697354318497
  },
  "YY_PNG_AVAX_USDC_LP": {
    "lower": 5274583.764407946,
    "upper": 15823751.293223837
  },
  "YY_PTP_sAVAX": {
    "lower": 7.8008180425667035,
    "upper": 23.40245412770011
  },
  "YY_TJ_AVAX_ETH_LP": {
    "lower": 207.42763187338568,
    "upper": 622.282895620157
  },
  "YY_TJ_AVAX_USDC_LP": {
    "lower": 5795723.205950605,
    "upper": 17387169.617851816
  },
  "YY_TJ_AVAX_sAVAX_LP": {
    "lower": 15.401071932572352,
    "upper": 46.20321579771706
  },
  "crvUSDBTCETH": {
    "lower": 342.1994283509188,
    "upper": 1026.5982850527564
  },
  "gmdAVAX": {
    "lower": 7.119992978206317,
    "upper": 21.35997893461895
  },
  "gmdBTC": {
    "lower": 15679.676121920376,
    "upper": 47039.02836576113
  },
  "gmdETH": {
    "lower": 998.6424062671068,
    "upper": 2995.9272188013206
  },
  "gmdUSDC": {
    "lower": 0.5369185369596665,
    "upper": 1.6107556108789995
  },
  "sAVAX": {
    "lower": 7.340508435,
    "upper": 22.021525305
  }
}